{
	"info": {
		"_postman_id": "e5e09dbe-070b-4182-a9d7-20c28e5fabd0",
		"name": "V5",
		"schema": "https://schema.getpostman.com/json/collection/v2.1.0/collection.json"
	},
	"item": [
		{
			"name": "Register a new device-1",
			"request": {
				"method": "POST",
				"header": [
					{
						"key": "API-KEY",
						"value": "{{API-KEY}}",
						"type": "text"
					}
				],
				"body": {
					"mode": "raw",
					"raw": "[\r\n  {\r\n    \"apProvisionTag\": \"{{apProvisionTag}}\",\r\n    \"apType\": \"{{apType}}\",\r\n    \"controller\": [\r\n      {\r\n        \"address\": \"{{controlleraddress}}\",\r\n        \"certKey\": \"{{controllercertkey}}\"\r\n      }\r\n    ],\r\n    \"cwmpFapTunnel\": \"{{cwmpFapTunnel}}\",\r\n    \"deviceType\": \"{{deviceType}}\",\r\n    \"mgmtServerUrl\": \"{{mgmtServerUrl}}\",\r\n    \"owner\": \"{{Owner}}\",\r\n    \"secGwServer1\": \"{{secGwServer1}}\",\r\n    \"secGwServer2\": \"{{secGwServer2}}\",\r\n    \"secGwServer3\": \"{{secGwServer3}}\",\r\n    \"serialId\": \"{{serial}}\",\r\n    \"tenant\": \"{{Tenant}}\"\r\n  }\r\n]",
					"options": {
						"raw": {
							"language": "json"
						}
					}
				},
				"url": {
					"raw": "http://drs-qa.cloud.ruckuswireless.com/api/v5/devices",
					"protocol": "http",
					"host": [
						"drs-qa",
						"cloud",
						"ruckuswireless",
						"com"
					],
					"path": [
						"api",
						"v5",
						"devices"
					]
				}
			},
			"response": []
		},
		{
			"name": "List all device-2",
			"request": {
				"method": "GET",
				"header": [
					{
						"key": "API-KEY",
						"value": "{{API-KEY}}",
						"type": "text"
					}
				],
				"url": {
					"raw": "http://drs-qa.cloud.ruckuswireless.com/api/v5/devices?page=0&size=500",
					"protocol": "http",
					"host": [
						"drs-qa",
						"cloud",
						"ruckuswireless",
						"com"
					],
					"path": [
						"api",
						"v5",
						"devices"
					],
					"query": [
						{
							"key": "page",
							"value": "0"
						},
						{
							"key": "size",
							"value": "500"
						}
					]
				}
			},
			"response": []
		},
		{
			"name": "Update an existing device report-3",
			"request": {
				"method": "PUT",
				"header": [
					{
						"key": "API-KEY",
						"value": "{{API-KEY}}",
						"type": "text"
					}
				],
				"body": {
					"mode": "raw",
					"raw": "{\r\n  \"apProvisionTag\": \"{{apProvisionTag}}\",\r\n  \"apType\": \"{{apType}}\",\r\n  \"controller\": [\r\n    {\r\n      \"address\": \"{{controlleraddress}}\",\r\n      \"certKey\": \"{{controllercertkey}}\"\r\n    }\r\n  ],\r\n  \"cwmpFapTunnel\": \"{{cwmpFapTunnel}}\",\r\n  \"mgmtServerUrl\": \"{{mgmtServerUrl}}\",\r\n  \"owner\": \"{{Owner}}\",\r\n  \"secGwServer1\": \"{{secGwServer1}}\",\r\n  \"secGwServer2\": \"{{secGwServer2}}\",\r\n  \"secGwServer3\": \"{{secGwServer3}}\",\r\n  \"tenant\": \"{{Tenant}}\"\r\n}",
					"options": {
						"raw": {
							"language": "json"
						}
					}
				},
				"url": {
					"raw": "http://drs-qa.cloud.ruckuswireless.com/api/v5/devices/{{deviceType}}/{{serial}}",
					"protocol": "http",
					"host": [
						"drs-qa",
						"cloud",
						"ruckuswireless",
						"com"
					],
					"path": [
						"api",
						"v5",
						"devices",
						"{{deviceType}}",
						"{{serial}}"
					]
				}
			},
			"response": []
		},
		{
			"name": "List all device-4",
			"request": {
				"method": "GET",
				"header": [
					{
						"key": "API-KEY",
						"value": "{{API-KEY}}",
						"type": "text"
					}
				],
				"url": {
					"raw": "http://drs-qa.cloud.ruckuswireless.com/api/v5/devices?page=0&size=500",
					"protocol": "http",
					"host": [
						"drs-qa",
						"cloud",
						"ruckuswireless",
						"com"
					],
					"path": [
						"api",
						"v5",
						"devices"
					],
					"query": [
						{
							"key": "page",
							"value": "0"
						},
						{
							"key": "size",
							"value": "500"
						}
					]
				}
			},
			"response": []
		},
		{
			"name": "Delete device-5",
			"request": {
				"method": "DELETE",
				"header": [
					{
						"key": "API-KEY",
						"value": "{{API-KEY}}",
						"type": "text"
					}
				],
				"body": {
					"mode": "raw",
					"raw": "[\r\n  {\r\n    \"deviceType\": \"{{deviceType}}\",\r\n    \"serialId\": \"{{serial}}\"\r\n  }\r\n]",
					"options": {
						"raw": {
							"language": "json"
						}
					}
				},
				"url": {
					"raw": "http://drs-qa.cloud.ruckuswireless.com/api/v5/devices",
					"protocol": "http",
					"host": [
						"drs-qa",
						"cloud",
						"ruckuswireless",
						"com"
					],
					"path": [
						"api",
						"v5",
						"devices"
					]
				}
			},
			"response": []
		},
		{
			"name": "List all device-6",
			"request": {
				"method": "GET",
				"header": [
					{
						"key": "API-KEY",
						"value": "{{API-KEY}}",
						"type": "text"
					}
				],
				"url": {
					"raw": "http://drs-qa.cloud.ruckuswireless.com/api/v5/devices?page=0&size=500",
					"protocol": "http",
					"host": [
						"drs-qa",
						"cloud",
						"ruckuswireless",
						"com"
					],
					"path": [
						"api",
						"v5",
						"devices"
					],
					"query": [
						{
							"key": "page",
							"value": "0"
						},
						{
							"key": "size",
							"value": "500"
						}
					]
				}
			},
			"response": []
		},
		{
			"name": "Register a new device-7",
			"request": {
				"method": "POST",
				"header": [
					{
						"key": "API-KEY",
						"value": "{{API-KEY}}",
						"type": "text"
					}
				],
				"body": {
					"mode": "raw",
					"raw": "[\r\n  {\r\n    \"apProvisionTag\": \"{{apProvisionTag}}\",\r\n    \"apType\": \"{{apType}}\",\r\n    \"controller\": [\r\n      {\r\n        \"address\": \"{{controlleraddress}}\",\r\n        \"certKey\": \"{{controllercertkey}}\"\r\n      }\r\n    ],\r\n    \"cwmpFapTunnel\": \"{{cwmpFapTunnel}}\",\r\n    \"deviceType\": \"{{deviceType}}\",\r\n    \"mgmtServerUrl\": \"{{mgmtServerUrl}}\",\r\n    \"owner\": \"{{Owner}}\",\r\n    \"secGwServer1\": \"{{secGwServer1}}\",\r\n    \"secGwServer2\": \"{{secGwServer2}}\",\r\n    \"secGwServer3\": \"{{secGwServer3}}\",\r\n    \"serialId\": \"{{serial}}\",\r\n    \"tenant\": \"{{Tenant}}\"\r\n  }\r\n]",
					"options": {
						"raw": {
							"language": "json"
						}
					}
				},
				"url": {
					"raw": "http://drs-qa.cloud.ruckuswireless.com/api/v5/devices",
					"protocol": "http",
					"host": [
						"drs-qa",
						"cloud",
						"ruckuswireless",
						"com"
					],
					"path": [
						"api",
						"v5",
						"devices"
					]
				}
			},
			"response": []
		},
		{
			"name": "List device with id and type-8",
			"request": {
				"method": "GET",
				"header": [
					{
						"key": "API-KEY",
						"value": "{{API-KEY}}",
						"type": "text"
					}
				],
				"url": {
					"raw": "http://drs-qa.cloud.ruckuswireless.com/api/v5/devices/{{deviceType}}/{{serial}}",
					"protocol": "http",
					"host": [
						"drs-qa",
						"cloud",
						"ruckuswireless",
						"com"
					],
					"path": [
						"api",
						"v5",
						"devices",
						"{{deviceType}}",
						"{{serial}}"
					]
				}
			},
			"response": []
		},
		{
			"name": "delete with id and type-9",
			"request": {
				"method": "DELETE",
				"header": [
					{
						"key": "API-KEY",
						"value": "{{API-KEY}}",
						"type": "text"
					}
				],
				"url": {
					"raw": "http://drs-qa.cloud.ruckuswireless.com/api/v5/devices/{{deviceType}}/{{serial}}",
					"protocol": "http",
					"host": [
						"drs-qa",
						"cloud",
						"ruckuswireless",
						"com"
					],
					"path": [
						"api",
						"v5",
						"devices",
						"{{deviceType}}",
						"{{serial}}"
					]
				}
			},
			"response": []
		},
		{
			"name": "List device with id and type-10",
			"request": {
				"method": "GET",
				"header": [
					{
						"key": "API-KEY",
						"value": "{{API-KEY}}",
						"type": "text"
					}
				],
				"url": {
					"raw": "http://drs-qa.cloud.ruckuswireless.com/api/v5/devices/{{deviceType}}/{{serial}}",
					"protocol": "http",
					"host": [
						"drs-qa",
						"cloud",
						"ruckuswireless",
						"com"
					],
					"path": [
						"api",
						"v5",
						"devices",
						"{{deviceType}}",
						"{{serial}}"
					]
				}
			},
			"response": []
		},
		{
			"name": "list device with type-11",
			"request": {
				"method": "GET",
				"header": [
					{
						"key": "API-KEY",
						"value": "{{API-KEY}}",
						"type": "text"
					}
				],
				"url": {
					"raw": "http://drs-qa.cloud.ruckuswireless.com/api/v5/devices/{{deviceType}}?page=0&size=50",
					"protocol": "http",
					"host": [
						"drs-qa",
						"cloud",
						"ruckuswireless",
						"com"
					],
					"path": [
						"api",
						"v5",
						"devices",
						"{{deviceType}}"
					],
					"query": [
						{
							"key": "page",
							"value": "0"
						},
						{
							"key": "size",
							"value": "50"
						}
					]
				}
			},
			"response": []
		},
		{
			"name": "device bulk list-12",
			"request": {
				"method": "POST",
				"header": [
					{
						"key": "API-KEY",
						"value": "{{API-KEY}}",
						"type": "text"
					}
				],
				"body": {
					"mode": "raw",
					"raw": "[\r\n  {\r\n    \"deviceType\": \"{{deviceType}}\",\r\n    \"serialId\": \"{{serial}}\"\r\n  }\r\n]",
					"options": {
						"raw": {
							"language": "json"
						}
					}
				},
				"url": {
					"raw": "http://drs-qa.cloud.ruckuswireless.com/api/v5/devices/bulk",
					"protocol": "http",
					"host": [
						"drs-qa",
						"cloud",
						"ruckuswireless",
						"com"
					],
					"path": [
						"api",
						"v5",
						"devices",
						"bulk"
					]
				}
			},
			"response": []
		},
		{
			"name": "device bulk list-13",
			"request": {
				"method": "PUT",
				"header": [
					{
						"key": "API-KEY",
						"value": "{{API-KEY}}",
						"type": "text"
					}
				],
				"body": {
					"mode": "raw",
					"raw": "[\r\n  {\r\n    \"apProvisionTag\": \"{{apProvisionTag}}\",\r\n    \"apType\": \"{{apType}}\",\r\n    \"controller\": [\r\n      {\r\n        \"address\": \"{{controlleraddress}}\",\r\n        \"certKey\": \"{{controllercertkey}}\"\r\n      }\r\n    ],\r\n    \"cwmpFapTunnel\": \"{{cwmpFapTunnel}}\",\r\n    \"deviceType\": \"{{deviceType}}\",\r\n    \"mgmtServerUrl\": \"{{mgmtServerUrl}}\",\r\n    \"owner\": \"{{Owner}}\",\r\n    \"secGwServer1\": \"{{secGwServer1}}\",\r\n    \"secGwServer2\": \"{{secGwServer2}}\",\r\n    \"secGwServer3\": \"{{secGwServer3}}\",\r\n    \"serialId\": \"{{serial}}\",\r\n    \"tenant\": \"{{Tenant}}\"\r\n  }\r\n]",
					"options": {
						"raw": {
							"language": "json"
						}
					}
				},
				"url": {
					"raw": "http://drs-qa.cloud.ruckuswireless.com/api/v5/devices/update/bulk",
					"protocol": "http",
					"host": [
						"drs-qa",
						"cloud",
						"ruckuswireless",
						"com"
					],
					"path": [
						"api",
						"v5",
						"devices",
						"update",
						"bulk"
					]
				}
			},
			"response": []
		},
		{
			"name": "List device with id and type-14",
			"request": {
				"method": "GET",
				"header": [
					{
						"key": "API-KEY",
						"value": "{{API-KEY}}",
						"type": "text"
					}
				],
				"url": {
					"raw": "http://drs-qa.cloud.ruckuswireless.com/api/v5/devices/{{deviceType}}/{{serial}}",
					"protocol": "http",
					"host": [
						"drs-qa",
						"cloud",
						"ruckuswireless",
						"com"
					],
					"path": [
						"api",
						"v5",
						"devices",
						"{{deviceType}}",
						"{{serial}}"
					]
				}
			},
			"response": []
		},
		{
			"name": "List all device transaction-15",
			"request": {
				"method": "GET",
				"header": [
					{
						"key": "API-KEY",
						"value": "{{API-KEY}}",
						"type": "text"
					}
				],
				"url": {
					"raw": "http://drs-qa.cloud.ruckuswireless.com/api/v5/devices/transactions?page=0&size=50",
					"protocol": "http",
					"host": [
						"drs-qa",
						"cloud",
						"ruckuswireless",
						"com"
					],
					"path": [
						"api",
						"v5",
						"devices",
						"transactions"
					],
					"query": [
						{
							"key": "page",
							"value": "0"
						},
						{
							"key": "size",
							"value": "50"
						}
					]
				}
			},
			"response": []
		},
		{
			"name": "List all device transaction_by_devices-16",
			"request": {
				"method": "GET",
				"header": [
					{
						"key": "API-KEY",
						"value": "{{API-KEY}}",
						"type": "text"
					}
				],
				"url": {
					"raw": "http://drs-qa.cloud.ruckuswireless.com/api/v5/devices/transactions/by_devices",
					"protocol": "http",
					"host": [
						"drs-qa",
						"cloud",
						"ruckuswireless",
						"com"
					],
					"path": [
						"api",
						"v5",
						"devices",
						"transactions",
						"by_devices"
					]
				}
			},
			"response": []
		}
	]
}