{
	"info": {
		"_postman_id": "afa39450-26bf-4cc8-8a1b-be6feffdc1f2",
		"name": "DRS_V4",
		"schema": "https://schema.getpostman.com/json/collection/v2.1.0/collection.json"
	},
	"item": [
		{
			"name": "Register a new device-1",
			"request": {
				"method": "POST",
				"header": [
					{
						"key": "API-KEY",
						"value": "{{API-KEY}}",
						"type": "text"
					}
				],
				"body": {
					"mode": "raw",
					"raw": "{\r\n  \"aps\": [\r\n    {\r\n      \"ap_provision_tag\": \"{{apProvisionTag}}\",\r\n      \"ap_type\": \"{{apType}}\",\r\n      \"controller_address\": \"{{controlleraddress}}\",\r\n      \"controller_cert_key\": \"{{controllercertkey}}\",\r\n      \"cwmp_fap_tunnel\": \"{{cwmpFapTunnel}}\",\r\n      \"mgmt_server_url\": \"{{mgmtServerUrl}}\",\r\n      \"owner\": \"{{Owner}}\",\r\n      \"sec_gw_server1\": \"{{secGwServer1}}\",\r\n      \"sec_gw_server2\": \"{{secGwServer2}}\",\r\n      \"sec_gw_server3\": \"{{secGwServer3}}\",\r\n      \"serial\": \"{{serial}}\",\r\n      \"tenant\": \"{{Tenant}}\"\r\n    }\r\n  ]\r\n}",
					"options": {
						"raw": {
							"language": "json"
						}
					}
				},
				"url": {
					"raw": "https://drs-qa.cloud.ruckuswireless.com/api/v4/accesspoints",
					"protocol": "https",
					"host": [
						"drs-qa",
						"cloud",
						"ruckuswireless",
						"com"
					],
					"path": [
						"api",
						"v4",
						"accesspoints"
					]
				}
			},
			"response": []
		},
		{
			"name": "List all device-2",
			"request": {
				"method": "GET",
				"header": [
					{
						"key": "API-KEY",
						"value": "{{API-KEY}}",
						"type": "text"
					}
				],
				"url": {
					"raw": "https://drs-qa.cloud.ruckuswireless.com/api/v4/accesspoints",
					"protocol": "https",
					"host": [
						"drs-qa",
						"cloud",
						"ruckuswireless",
						"com"
					],
					"path": [
						"api",
						"v4",
						"accesspoints"
					],
					"query": [
						{
							"key": "page",
							"value": "0",
							"disabled": true
						},
						{
							"key": "size",
							"value": "50",
							"disabled": true
						},
						{
							"key": "type",
							"value": "cell",
							"disabled": true
						}
					]
				}
			},
			"response": []
		},
		{
			"name": "Update an existing device record-3",
			"request": {
				"method": "PUT",
				"header": [
					{
						"key": "API-KEY",
						"value": "{{API-KEY}}",
						"type": "text"
					}
				],
				"body": {
					"mode": "raw",
					"raw": "{\r\n  \"aps\": [\r\n    {\r\n      \"ap_provision_tag\": \"{{apProvisionTag}}\",\r\n      \"ap_type\": \"{{apType}}\",\r\n      \"controller_address\": \"{{controlleraddress}}\",\r\n      \"controller_cert_key\": \"{{controllercertkey}}\",\r\n      \"cwmp_fap_tunnel\": \"{{cwmpFapTunnel}}\",\r\n      \"mgmt_server_url\": \"{{mgmtServerUrl}}\",\r\n      \"owner\": \"{{Owner}}\",\r\n      \"sec_gw_server1\": \"{{secGwServer1}}\",\r\n      \"sec_gw_server2\": \"{{secGwServer2}}\",\r\n      \"sec_gw_server3\": \"{{secGwServer3}}\",\r\n      \"serial\": \"{{serial}}\",\r\n      \"tenant\": \"{{Tenant}}\"\r\n    }\r\n  ]\r\n}",
					"options": {
						"raw": {
							"language": "json"
						}
					}
				},
				"url": {
					"raw": "https://drs-qa.cloud.ruckuswireless.com/api/v4/accesspoints",
					"protocol": "https",
					"host": [
						"drs-qa",
						"cloud",
						"ruckuswireless",
						"com"
					],
					"path": [
						"api",
						"v4",
						"accesspoints"
					]
				}
			},
			"response": []
		},
		{
			"name": "List all device-4",
			"request": {
				"method": "GET",
				"header": [
					{
						"key": "API-KEY",
						"value": "{{API-KEY}}",
						"type": "text"
					}
				],
				"url": {
					"raw": "https://drs-qa.cloud.ruckuswireless.com/api/v4/accesspoints",
					"protocol": "https",
					"host": [
						"drs-qa",
						"cloud",
						"ruckuswireless",
						"com"
					],
					"path": [
						"api",
						"v4",
						"accesspoints"
					],
					"query": [
						{
							"key": "page",
							"value": "0",
							"disabled": true
						},
						{
							"key": "size",
							"value": "50\n",
							"disabled": true
						},
						{
							"key": "type",
							"value": "cell",
							"disabled": true
						}
					]
				}
			},
			"response": []
		},
		{
			"name": "Delete existing device record-5",
			"request": {
				"method": "DELETE",
				"header": [
					{
						"key": "API-KEY",
						"value": "{{API-KEY}}",
						"type": "text"
					}
				],
				"url": {
					"raw": "https://drs-qa.cloud.ruckuswireless.com/api/v4/accesspoints/{{serial}}",
					"protocol": "https",
					"host": [
						"drs-qa",
						"cloud",
						"ruckuswireless",
						"com"
					],
					"path": [
						"api",
						"v4",
						"accesspoints",
						"{{serial}}"
					]
				}
			},
			"response": []
		},
		{
			"name": "List all device-6",
			"request": {
				"method": "GET",
				"header": [
					{
						"key": "API-KEY",
						"value": "{{API-KEY}}",
						"type": "text"
					}
				],
				"url": {
					"raw": "https://drs-qa.cloud.ruckuswireless.com/api/v4/accesspoints",
					"protocol": "https",
					"host": [
						"drs-qa",
						"cloud",
						"ruckuswireless",
						"com"
					],
					"path": [
						"api",
						"v4",
						"accesspoints"
					],
					"query": [
						{
							"key": "page",
							"value": "0",
							"disabled": true
						},
						{
							"key": "size",
							"value": "50",
							"disabled": true
						},
						{
							"key": "type",
							"value": "cell",
							"disabled": true
						}
					]
				}
			},
			"response": []
		},
		{
			"name": "Register a new device-7",
			"request": {
				"method": "POST",
				"header": [
					{
						"key": "API-KEY",
						"value": "{{API-KEY}}",
						"type": "text"
					}
				],
				"body": {
					"mode": "raw",
					"raw": "{\r\n  \"aps\": [\r\n    {\r\n      \"ap_provision_tag\": \"{{apProvisionTag}}\",\r\n      \"ap_type\": \"{{apType}}\",\r\n      \"controller_address\": \"{{controlleraddress}}\",\r\n      \"controller_cert_key\": \"{{controllercertkey}}\",\r\n      \"cwmp_fap_tunnel\": \"{{cwmpFapTunnel}}\",\r\n      \"mgmt_server_url\": \"{{mgmtServerUrl}}\",\r\n      \"owner\": \"{{Owner}}\",\r\n      \"sec_gw_server1\": \"{{secGwServer1}}\",\r\n      \"sec_gw_server2\": \"{{secGwServer2}}\",\r\n      \"sec_gw_server3\": \"{{secGwServer3}}\",\r\n      \"serial\": \"{{serial}}\",\r\n      \"tenant\": \"{{Tenant}}\"\r\n    }\r\n  ]\r\n}",
					"options": {
						"raw": {
							"language": "json"
						}
					}
				},
				"url": {
					"raw": "https://drs-qa.cloud.ruckuswireless.com/api/v4/accesspoints",
					"protocol": "https",
					"host": [
						"drs-qa",
						"cloud",
						"ruckuswireless",
						"com"
					],
					"path": [
						"api",
						"v4",
						"accesspoints"
					]
				}
			},
			"response": []
		},
		{
			"name": "Get device-8",
			"request": {
				"method": "GET",
				"header": [
					{
						"key": "API-KEY",
						"value": "{{API-KEY}}",
						"type": "text"
					}
				],
				"url": {
					"raw": "https://drs-qa.cloud.ruckuswireless.com/api/v4/accesspoints/{{serial}}",
					"protocol": "https",
					"host": [
						"drs-qa",
						"cloud",
						"ruckuswireless",
						"com"
					],
					"path": [
						"api",
						"v4",
						"accesspoints",
						"{{serial}}"
					],
					"query": [
						{
							"key": "serial",
							"value": "101",
							"disabled": true
						},
						{
							"key": "type",
							"value": "cell",
							"disabled": true
						}
					]
				}
			},
			"response": []
		},
		{
			"name": "Update an existing device record-9",
			"request": {
				"method": "PUT",
				"header": [
					{
						"key": "API-KEY",
						"value": "{{API-KEY}}",
						"type": "text"
					}
				],
				"body": {
					"mode": "raw",
					"raw": "{\r\n  \"aps\":[\r\n      {\r\n      \"ap_provision_tag\": \"{{apProvisionTag}}\",\r\n      \"ap_type\": \"{{apType}}\",\r\n      \"controller_address\": \"{{controlleraddress}}\",\r\n      \"controller_cert_key\": \"{{controllercertkey}}\",\r\n      \"cwmp_fap_tunnel\": \"{{cwmpFapTunnel}}\",\r\n      \"mgmt_server_url\": \"{{mgmtServerUrl}}\",\r\n      \"owner\": \"{{Owner}}\",\r\n      \"sec_gw_server1\": \"{{secGwServer1}}\",\r\n      \"sec_gw_server2\": \"{{secGwServer2}}\",\r\n      \"sec_gw_server3\": \"{{secGwServer3}}\",\r\n      \"serial\": \"{{serial}}\",\r\n      \"tenant\": \"{{Tenant}}\"\r\n      }\r\n  ]\r\n}",
					"options": {
						"raw": {
							"language": "json"
						}
					}
				},
				"url": {
					"raw": "https://drs-qa.cloud.ruckuswireless.com/api/v4/accesspoints/{{serial}}",
					"protocol": "https",
					"host": [
						"drs-qa",
						"cloud",
						"ruckuswireless",
						"com"
					],
					"path": [
						"api",
						"v4",
						"accesspoints",
						"{{serial}}"
					]
				}
			},
			"response": []
		},
		{
			"name": "Get device-10",
			"request": {
				"method": "GET",
				"header": [
					{
						"key": "API-KEY",
						"value": "{{API-KEY}}",
						"type": "text"
					}
				],
				"url": {
					"raw": "https://drs-qa.cloud.ruckuswireless.com/api/v4/accesspoints/{{serial}}",
					"protocol": "https",
					"host": [
						"drs-qa",
						"cloud",
						"ruckuswireless",
						"com"
					],
					"path": [
						"api",
						"v4",
						"accesspoints",
						"{{serial}}"
					],
					"query": [
						{
							"key": "serial",
							"value": "101",
							"disabled": true
						},
						{
							"key": "type",
							"value": "cell",
							"disabled": true
						}
					]
				}
			},
			"response": []
		},
		{
			"name": "Delete a device record-11",
			"request": {
				"method": "DELETE",
				"header": [
					{
						"key": "API-KEY",
						"value": "{{API-KEY}}",
						"type": "text"
					}
				],
				"body": {
					"mode": "raw",
					"raw": ""
				},
				"url": {
					"raw": "https://drs-qa.cloud.ruckuswireless.com/api/v4/accesspoints/{{serial}}",
					"protocol": "https",
					"host": [
						"drs-qa",
						"cloud",
						"ruckuswireless",
						"com"
					],
					"path": [
						"api",
						"v4",
						"accesspoints",
						"{{serial}}"
					],
					"query": [
						{
							"key": "serial",
							"value": "101",
							"disabled": true
						},
						{
							"key": "type",
							"value": "cell",
							"disabled": true
						}
					]
				}
			},
			"response": []
		},
		{
			"name": "Get device-12",
			"request": {
				"method": "GET",
				"header": [
					{
						"key": "API-KEY",
						"value": "{{API-KEY}}",
						"type": "text"
					}
				],
				"url": {
					"raw": "https://drs-qa.cloud.ruckuswireless.com/api/v4/accesspoints/{{serial}}",
					"protocol": "https",
					"host": [
						"drs-qa",
						"cloud",
						"ruckuswireless",
						"com"
					],
					"path": [
						"api",
						"v4",
						"accesspoints",
						"{{serial}}"
					],
					"query": [
						{
							"key": "serial",
							"value": "101",
							"disabled": true
						},
						{
							"key": "type",
							"value": "cell",
							"disabled": true
						}
					]
				}
			},
			"response": []
		},
		{
			"name": "Register a new device-13",
			"request": {
				"method": "POST",
				"header": [
					{
						"key": "API-KEY",
						"value": "{{API-KEY}}",
						"type": "text"
					}
				],
				"body": {
					"mode": "raw",
					"raw": "{\r\n  \"aps\": [\r\n    {\r\n      \"ap_provision_tag\": \"{{apProvisionTag}}\",\r\n      \"ap_type\": \"{{apType}}\",\r\n      \"controller_address\": \"{{controlleraddress}}\",\r\n      \"controller_cert_key\": \"{{controllercertkey}}\",\r\n      \"cwmp_fap_tunnel\": \"{{cwmpFapTunnel}}\",\r\n      \"mgmt_server_url\": \"{{mgmtServerUrl}}\",\r\n      \"owner\": \"{{Owner}}\",\r\n      \"sec_gw_server1\": \"{{secGwServer1}}\",\r\n      \"sec_gw_server2\": \"{{secGwServer2}}\",\r\n      \"sec_gw_server3\": \"{{secGwServer3}}\",\r\n      \"serial\": \"{{serial}}\",\r\n      \"tenant\": \"{{Tenant}}\"\r\n    }\r\n  ]\r\n}",
					"options": {
						"raw": {
							"language": "json"
						}
					}
				},
				"url": {
					"raw": "https://drs-qa.cloud.ruckuswireless.com/api/v4/switches",
					"protocol": "https",
					"host": [
						"drs-qa",
						"cloud",
						"ruckuswireless",
						"com"
					],
					"path": [
						"api",
						"v4",
						"switches"
					]
				}
			},
			"response": []
		},
		{
			"name": "List all device-14",
			"request": {
				"method": "GET",
				"header": [
					{
						"key": "API-KEY",
						"value": "{{API-KEY}}",
						"type": "text"
					}
				],
				"url": {
					"raw": "https://drs-qa.cloud.ruckuswireless.com/api/v4/switches",
					"protocol": "https",
					"host": [
						"drs-qa",
						"cloud",
						"ruckuswireless",
						"com"
					],
					"path": [
						"api",
						"v4",
						"switches"
					],
					"query": [
						{
							"key": "page",
							"value": "0",
							"disabled": true
						},
						{
							"key": "size",
							"value": "50",
							"disabled": true
						},
						{
							"key": "type",
							"value": "wireless",
							"disabled": true
						}
					]
				}
			},
			"response": []
		},
		{
			"name": "update an existing device record(switch)-15",
			"request": {
				"method": "PUT",
				"header": [
					{
						"key": "API-KEY",
						"value": "{{API-KEY}}",
						"type": "text"
					}
				],
				"body": {
					"mode": "raw",
					"raw": "{\r\n  \"aps\": [\r\n    {\r\n      \"ap_provision_tag\": \"{{apProvisionTag}}\",\r\n      \"ap_type\": \"{{apType}}\",\r\n      \"controller_address\": \"{{controlleraddress}}\",\r\n      \"controller_cert_key\": \"{{controllercertkey}}\",\r\n      \"cwmp_fap_tunnel\": \"{{cwmpFapTunnel}}\",\r\n      \"mgmt_server_url\": \"{{mgmtServerUrl}}\",\r\n      \"owner\": \"{{Owner}}\",\r\n      \"sec_gw_server1\": \"{{secGwServer1}}\",\r\n      \"sec_gw_server2\": \"{{secGwServer2}}\",\r\n      \"sec_gw_server3\": \"{{secGwServer3}}\",\r\n      \"serial\": \"{{serial}}\",\r\n      \"tenant\": \"{{Tenant}}\"\r\n    }\r\n  ]\r\n}",
					"options": {
						"raw": {
							"language": "json"
						}
					}
				},
				"url": {
					"raw": "https://drs-qa.cloud.ruckuswireless.com/api/v4/switches",
					"protocol": "https",
					"host": [
						"drs-qa",
						"cloud",
						"ruckuswireless",
						"com"
					],
					"path": [
						"api",
						"v4",
						"switches"
					]
				}
			},
			"response": []
		},
		{
			"name": "List all device(switch)-16",
			"request": {
				"method": "GET",
				"header": [
					{
						"key": "API-KEY",
						"value": "{{API-KEY}}",
						"type": "text"
					}
				],
				"url": {
					"raw": "https://drs-qa.cloud.ruckuswireless.com/api/v4/switches",
					"protocol": "https",
					"host": [
						"drs-qa",
						"cloud",
						"ruckuswireless",
						"com"
					],
					"path": [
						"api",
						"v4",
						"switches"
					],
					"query": [
						{
							"key": "page",
							"value": "0",
							"disabled": true
						},
						{
							"key": "size",
							"value": "50",
							"disabled": true
						}
					]
				}
			},
			"response": []
		},
		{
			"name": "Delete existing device record(switch)-17",
			"request": {
				"method": "DELETE",
				"header": [
					{
						"key": "API-KEY",
						"value": "{{API-KEY}}",
						"type": "text"
					}
				],
				"url": {
					"raw": "https://drs-qa.cloud.ruckuswireless.com/api/v4/switches/{{serial}}",
					"protocol": "https",
					"host": [
						"drs-qa",
						"cloud",
						"ruckuswireless",
						"com"
					],
					"path": [
						"api",
						"v4",
						"switches",
						"{{serial}}"
					]
				}
			},
			"response": []
		},
		{
			"name": "List all device(switch)-18",
			"request": {
				"method": "GET",
				"header": [
					{
						"key": "API-KEY",
						"value": "{{API-KEY}}",
						"type": "text"
					}
				],
				"url": {
					"raw": "https://drs-qa.cloud.ruckuswireless.com/api/v4/switches",
					"protocol": "https",
					"host": [
						"drs-qa",
						"cloud",
						"ruckuswireless",
						"com"
					],
					"path": [
						"api",
						"v4",
						"switches"
					],
					"query": [
						{
							"key": "page",
							"value": "0",
							"disabled": true
						},
						{
							"key": "size",
							"value": "50",
							"disabled": true
						}
					]
				}
			},
			"response": []
		},
		{
			"name": "Register a new device-19",
			"request": {
				"method": "POST",
				"header": [
					{
						"key": "API-KEY",
						"value": "{{API-KEY}}",
						"type": "text"
					}
				],
				"body": {
					"mode": "raw",
					"raw": "{\r\n  \"aps\": [\r\n    {\r\n      \"ap_provision_tag\": \"{{apProvisionTag}}\",\r\n      \"ap_type\": \"{{apType}}\",\r\n      \"controller_address\": \"{{controlleraddress}}\",\r\n      \"controller_cert_key\": \"{{controllercertkey}}\",\r\n      \"cwmp_fap_tunnel\": \"{{cwmpFapTunnel}}\",\r\n      \"mgmt_server_url\": \"{{mgmtServerUrl}}\",\r\n      \"owner\": \"{{Owner}}\",\r\n      \"sec_gw_server1\": \"{{secGwServer1}}\",\r\n      \"sec_gw_server2\": \"{{secGwServer2}}\",\r\n      \"sec_gw_server3\": \"{{secGwServer3}}\",\r\n      \"serial\": \"{{serial}}\",\r\n      \"tenant\": \"{{Tenant}}\"\r\n    }\r\n  ]\r\n}",
					"options": {
						"raw": {
							"language": "json"
						}
					}
				},
				"url": {
					"raw": "https://drs-qa.cloud.ruckuswireless.com/api/v4/switches",
					"protocol": "https",
					"host": [
						"drs-qa",
						"cloud",
						"ruckuswireless",
						"com"
					],
					"path": [
						"api",
						"v4",
						"switches"
					]
				}
			},
			"response": []
		},
		{
			"name": "Get device(switch)-20",
			"request": {
				"method": "GET",
				"header": [
					{
						"key": "API-KEY",
						"value": "{{API-KEY}}",
						"type": "text"
					}
				],
				"url": {
					"raw": "https://drs-qa.cloud.ruckuswireless.com/api/v4/switches/{{serial}}",
					"protocol": "https",
					"host": [
						"drs-qa",
						"cloud",
						"ruckuswireless",
						"com"
					],
					"path": [
						"api",
						"v4",
						"switches",
						"{{serial}}"
					],
					"query": [
						{
							"key": "serial",
							"value": "007",
							"disabled": true
						},
						{
							"key": "type",
							"value": "wired",
							"disabled": true
						}
					]
				}
			},
			"response": []
		},
		{
			"name": "update an existing device record(switch)-21",
			"request": {
				"method": "PUT",
				"header": [
					{
						"key": "API-KEY",
						"value": "{{API-KEY}}",
						"type": "text"
					}
				],
				"body": {
					"mode": "raw",
					"raw": "{\r\n  \"aps\": [\r\n    {\r\n      \"ap_provision_tag\": \"{{apProvisionTag}}\",\r\n      \"ap_type\": \"{{apType}}\",\r\n      \"controller_address\": \"{{controlleraddress}}\",\r\n      \"controller_cert_key\": \"{{controllercertkey}}\",\r\n      \"cwmp_fap_tunnel\": \"{{cwmpFapTunnel}}\",\r\n      \"mgmt_server_url\": \"{{mgmtServerUrl}}\",\r\n      \"owner\": \"{{Owner}}\",\r\n      \"sec_gw_server1\": \"{{secGwServer1}}\",\r\n      \"sec_gw_server2\": \"{{secGwServer2}}\",\r\n      \"sec_gw_server3\": \"{{secGwServer3}}\",\r\n      \"serial\": \"{{serial}}\",\r\n      \"tenant\": \"{{Tenant}}\"\r\n    }\r\n  ]\r\n}",
					"options": {
						"raw": {
							"language": "json"
						}
					}
				},
				"url": {
					"raw": "https://drs-qa.cloud.ruckuswireless.com/api/v4/switches/{{serial}}",
					"protocol": "https",
					"host": [
						"drs-qa",
						"cloud",
						"ruckuswireless",
						"com"
					],
					"path": [
						"api",
						"v4",
						"switches",
						"{{serial}}"
					]
				}
			},
			"response": []
		},
		{
			"name": "Get device(switch)-22",
			"request": {
				"method": "GET",
				"header": [
					{
						"key": "API-KEY",
						"value": "{{API-KEY}}",
						"type": "text"
					}
				],
				"url": {
					"raw": "https://drs-qa.cloud.ruckuswireless.com/api/v4/switches/{{serial}}",
					"protocol": "https",
					"host": [
						"drs-qa",
						"cloud",
						"ruckuswireless",
						"com"
					],
					"path": [
						"api",
						"v4",
						"switches",
						"{{serial}}"
					],
					"query": [
						{
							"key": "serial",
							"value": "007",
							"disabled": true
						},
						{
							"key": "type",
							"value": "wired",
							"disabled": true
						}
					]
				}
			},
			"response": []
		},
		{
			"name": "Delete a device record(switch)-23",
			"request": {
				"method": "DELETE",
				"header": [
					{
						"key": "API-KEY",
						"value": "{{API-KEY}}",
						"type": "text"
					}
				],
				"url": {
					"raw": "https://drs-qa.cloud.ruckuswireless.com/api/v4/switches/{{serial}}",
					"protocol": "https",
					"host": [
						"drs-qa",
						"cloud",
						"ruckuswireless",
						"com"
					],
					"path": [
						"api",
						"v4",
						"switches",
						"{{serial}}"
					],
					"query": [
						{
							"key": "serial",
							"value": "007",
							"disabled": true
						},
						{
							"key": "type",
							"value": "wireless",
							"disabled": true
						}
					]
				}
			},
			"response": []
		},
		{
			"name": "Get device(switch)-24",
			"request": {
				"method": "GET",
				"header": [
					{
						"key": "API-KEY",
						"value": "{{API-KEY}}",
						"type": "text"
					}
				],
				"url": {
					"raw": "https://drs-qa.cloud.ruckuswireless.com/api/v4/switches/{{serial}}",
					"protocol": "https",
					"host": [
						"drs-qa",
						"cloud",
						"ruckuswireless",
						"com"
					],
					"path": [
						"api",
						"v4",
						"switches",
						"{{serial}}"
					],
					"query": [
						{
							"key": "serial",
							"value": "007",
							"disabled": true
						},
						{
							"key": "type",
							"value": "wired",
							"disabled": true
						}
					]
				}
			},
			"response": []
		},
		{
			"name": "List transactions involving the API operation \"Get an Access Point Record\"-25",
			"request": {
				"method": "GET",
				"header": [
					{
						"key": "API-KEY",
						"value": "{{API-KEY}}",
						"type": "text"
					}
				],
				"url": {
					"raw": "https://drs-qa.cloud.ruckuswireless.com/api/v4/accesspoints/transactions/get_accesspoint?page=0&size=50&serial={{serial}}",
					"protocol": "https",
					"host": [
						"drs-qa",
						"cloud",
						"ruckuswireless",
						"com"
					],
					"path": [
						"api",
						"v4",
						"accesspoints",
						"transactions",
						"get_accesspoint"
					],
					"query": [
						{
							"key": "page",
							"value": "0"
						},
						{
							"key": "size",
							"value": "50"
						},
						{
							"key": "type",
							"value": "wired",
							"disabled": true
						},
						{
							"key": "serial",
							"value": "{{serial}}"
						}
					]
				}
			},
			"response": []
		}
	]
}